,CVE_ID,ASSET_ID,ASSET_TYPE,OS_RELEASE,DISTRIBUTION,INTERNET_EXPOSED,AT_RISK,CVSS_BASE_SCORE,SEVERITY,EPSS_SCORE,PACKAGE_NAME,PACKAGE_IN_USE,INSTALLED_VERSIONS,FIX_VERSION,DISCOVERED_DATE,PATCHABLE,EXPLOITABLE,ATTACK_VECTOR,ATTACK_COMPLEXITY,PRIVILEGES_REQUIRED,USER_INTERACTION,DOS,PUBLISHED_DATE,FIX_DATE,CVE_LINK,CISA_KEV,3RD_PARTY_EXPLOIT_SOURCE,CLOUD_ACCOUNT_ID,REGISTRY,SERVICE_PROVIDER,REGION,CLUSTER,ASSET_REPO,ASSET_OWNER,ASSET_BRANCH,ASSET_FILEPATH,ASSET_TAGS,ASSET_URL
0,CVE-2021-22555,gcp-vm,host,xenial,ubuntu,N,Y,7.8,high,0.00213,linux,False,[4.4.0-210.242],[4.4.0-213.245],Mar 07 2024,Y,Y,Local,Low,Low,,high,Jul 07 2021,Jul 07 2021,https://nvd.nist.gov/vuln/detail/CVE-2021-22555,N,packet-storm,my-gcp-project,,,us-central1,,,myself,,,"{'Hello': 'world'}",https://console.cloud.google.com/compute/instancesDetail/zones/us-central1-a/instances/gcp-vm?project=my-gcp-project
1,CVE-2023-44487,aws-ec2,host,AL2,amzn,N,Y,7.5,high,0.81635,nghttp2,False,[1.41.0-1.amzn2],[1.41.0-1.amzn2.0.4],Aug 24 2024,Y,Y,Network,Low,,,high,Oct 10 2023,Jul 21 2024,https://nvd.nist.gov/vuln/detail/CVE-2023-44487,Y,"cisa-kev",111111111111,,aws,us-east-1,,,,,,"{'Hello': 'world'}",
2,CVE-2024-21626,azure-vm,host,,,N,N,8.6,high,0.05062,utils,False,[v1.1.10],[1.1.12],Sep 12 2024,Y,Y,Local,Low,,Required,high,,Jul 02 2024,https://nvd.nist.gov/vuln/detail/CVE-2024-21626,N,packet-storm,111111-1111-1111-1111-1111111111,,azure,centralus,my-azure-cluster,,,,,"{'Hello': 'world'}",
3,CVE-2023-4911,aws-AMI,vmImage,jammy,ubuntu,N,N,7.8,high,0.02752,glibc,False,[2.35-0ubuntu3.1],[2.35-0ubuntu3.4],Sep 09 2024,Y,Y,Local,Low,Low,,high,Oct 03 2023,Oct 03 2023,https://nvd.nist.gov/vuln/detail/CVE-2023-4911,Y,"packet-storm,cisa-kev",111111111111,,aws,us-east-1,,,myself,,,"{'OStype': 'ubuntu'}",https://console.aws.amazon.com/ec2/v2/home?region=us-east-1#Images:visibility=owned-by-me;imageId=ami-11111111
5,CVE-2024-36971,aws-AMI,vmImage,jammy,ubuntu,N,N,7.8,high,0.00105,linux,False,[5.15.0-101.111],[5.15.0-121.131],Sep 08 2024,Y,Y,Local,Low,Low,,high,,Sep 13 2024,https://nvd.nist.gov/vuln/detail/CVE-2024-36971,Y,cisa-kev,111111111111,,aws,us-east-1,,,myself,,,"{'Hello': 'world'}",https://console.aws.amazon.com/ec2/v2/home?region=us-east-1#Images:visibility=owned-by-me;imageId=ami-11111111
4,CVE-2024-36971,azure-Image,vmImage,focal,ubuntu,N,N,7.8,high,0.00105,linux,False,[5.4.0-177.197],[5.4.0-192.212],Sep 08 2024,Y,Y,Local,Low,Low,,high,,Aug 09 2024,https://nvd.nist.gov/vuln/detail/CVE-2024-36971,Y,cisa-kev,111111-1111-1111-1111-1111111111,,azure,eastus,,,,,,{'Hello': 'world'},
6,CVE-2022-27782,sample.pkg.dev/my-repository/my-image:latest,registryImage,bullseye,debian,N,N,7.5,high,0.00191,curl,False,[7.74.0-1.3+deb11u1],[7.74.0-1.3+deb11u2],Jan 11 2024,Y,Y,,,,,,Jun 02 2022,Jun 02 2022,https://nvd.nist.gov/vuln/detail/CVE-2022-27782,N,,my-gcp-project,,,us-west1,,,,,,"{'Hello': 'world'}",
7,CVE-2020-1967,111111111111.dkr.ecr.amazonaws.com/my-image:latest,registryImage,3.9,alpine,N,N,7.5,high,0.08103,openssl,False,[1.1.1b-r1],[1.1.1g-r0],Sep 25 2024,Y,Y,Network,Low,,,high,Apr 21 2020,Apr 21 2020,https://nvd.nist.gov/vuln/detail/CVE-2020-1967,N,github,111111111111,111111111111.dkr.ecr.us-east-1.amazonaws.com,aws,us-east-1,,,,,,"{'Hello': 'world'}",
8,CVE-2023-27533,jfrog.example.com/myself/my-:image:latest,registryImage,bullseye,debian,N,N,8.8,high,0.00227,curl,False,[7.74.0-1.3+deb11u7],[7.74.0-1.3+deb11u8],Sep 25 2024,Y,Y,Network,Low,,Required,high,Mar 30 2023,Oct 07 2023,https://nvd.nist.gov/vuln/detail/CVE-2023-27533,N,NVD,none,jfrog.example.com,other,other,,,,,,"{'Hello': 'world'}",
9,CVE-2022-3520,111111111111.dkr.ecr.amazonaws.com/my-image:latest,deployedImage,AL2,amzn,N,N,9.8,high,0.0024,vim,False,[8.2.5172-1.amzn2.0.1],[9.0.828-1.amzn2.0.1],Aug 24 2024,Y,Y,Network,Low,,,high,,Aug 06 2024,https://nvd.nist.gov/vuln/detail/CVE-2022-3520,N,NVD,none,111111111111.dkr.ecr.us-east-1.amazonaws.com,other,other,,,,,,{},
10,CVE-2021-33910,my-image:latest,deployedImage,RHEL8,redhat,N,N,5.5,high,0.00044,systemd,False,[239-45.el8],[239-45.el8_4.2],Aug 24 2024,Y,Y,Local,Low,Low,,high,Jul 20 2021,Jul 21 2021,https://nvd.nist.gov/vuln/detail/CVE-2021-33910,N,NVD,none,,other,other,,,,,,"{'OsType': 'CentOS'}",
11,CVE-2023-44487,my-image-2:latest,deployedImage,jammy,ubuntu,N,N,7.5,high,0.81635,nghttp2,False,[1.43.0-1build3],[1.43.0-1ubuntu0.1],Jul 23 2024,Y,Y,Network,Low,,,high,Oct 10 2023,Nov 22 2023,https://nvd.nist.gov/vuln/detail/CVE-2023-44487,Y,"cisa-kev",none,,other,other,,,,,,"{'Name': 'Hello'}",
12,CVE-2016-6816,my-package:7.0.42,package,,,N,N,7.1,high,0.00262,tomcat,False,[7.0.42],[8.0.39],Jun 20 2023,Y,Y,Network,Low,,Required,,Mar 20 2017,,https://nvd.nist.gov/vuln/detail/CVE-2016-6816,N,exploit-db,,,gitlabEnterprise,,,my-repo,myself,main,Dockerfile,,https://www.example.com/myself/my-repo
13,CVE-2023-4863,my-package:9.0.1,package,,,N,N,8.8,high,0.6295,pillow,False,[9.0.1],[10.0.1],Sep 18 2024,Y,Y,Network,Low,,Required,high,Sep 12 2023,Oct 03 2023,https://nvd.nist.gov/vuln/detail/CVE-2023-4863,Y,cisa-kev,,,Github,,,my-repo,myself,develop,requirements.txt,,https://github.com/myself/my-repo
14,CVE-2017-5638,my-package:2.3.12,package,,,N,N,9.8,critical,0.96541,tomcat,False,[2.3.12],[2.3.32],Aug 10 2023,Y,Y,Network,Low,,,high,Mar 11 2017,Mar 11 2017,https://nvd.nist.gov/vuln/detail/CVE-2017-5638,Y,"NVD,exploit-db,cisa-kev",,,Gitlab,,,my-repo,myself,main,deployment/Dockerfile,,https://gitlab.com/myself/my-repo
15,CVE-2020-1938,my-dockerfile:latest,iac,,,N,N,9.8,critical,0.97284,tomcat,False,[7.0.42],[7.0.100],Jun 20 2023,Y,Y,Network,Low,,,low,Feb 24 2020,Dec 04 2022,https://nvd.nist.gov/vuln/detail/CVE-2020-1938,Y,cisa-kev,,,gitlabEnterprise,,,my-repo,myself,main,Dockerfile,,https://www.example.com/myself/my-repo
16,CVE-2016-6816,my-dockerfile:latest,iac,,,N,N,7.1,high,0.00262,tomcat,False,[7.0.42],[7.0.73],Jun 20 2023,Y,Y,Network,Low,,Required,,Mar 20 2017,Dec 04 2022,https://nvd.nist.gov/vuln/detail/CVE-2016-6816,N,exploit-db,,,gitlabEnterprise,,,my-repo,myself,main,Dockerfile,,https://www.example.com/myself/my-repo
17,CVE-2021-3807,node:12-alpine,iac,,,N,N,7.5,high,0.00396,ansi-regex,False,[4.1.0],[4.1.1],Oct 07 2022,Y,Y,Network,Low,,,high,Sep 17 2021,Sep 17 2021,https://nvd.nist.gov/vuln/detail/CVE-2021-3807,N,NVD,,,Github,,,my-repo,myself,main,Dockerfile,,https://github.com/myself/my-repo